{
  "train_loss": [
    1.1372746391116448,
    0.8486465361883055,
    0.736372679359508,
    0.6405012298867387,
    0.5155587604023376,
    0.40905924512530273,
    0.3161151515987684,
    0.2449432818957095,
    0.18485287212116538,
    0.16307973805463538
  ],
  "val_acc": [
    0.6046255506607929,
    0.5759911894273128,
    0.6685022026431718,
    0.6640969162995595,
    0.6718061674008811,
    0.6651982378854625,
    0.6784140969162996,
    0.6640969162995595,
    0.6718061674008811,
    0.6629955947136564
  ],
  "best_epoch": 7,
  "best_val_acc": 0.6784140969162996
}