{
  "train_loss": [
    1.059552328766517,
    0.8085968790189275,
    0.6900349485986638,
    0.5647987916784466,
    0.40076837489065137
  ],
  "val_acc": [
    0.6519823788546255,
    0.6817180616740088,
    0.6376651982378855,
    0.6530837004405287,
    0.6685022026431718
  ],
  "best_epoch": 2,
  "best_val_acc": 0.6817180616740088
}