{
  "bert": {
    "best_params": {
      "lr": 2.552951604697379e-05,
      "batch_size": 8,
      "epochs": 8
    },
    "training_history": {
      "train_loss": [
        0.6157,
        0.2075,
        0.1552,
        0.1315,
        0.112,
        0.1044,
        0.0951
      ],
      "val_loss": [
        0.2549,
        0.1967,
        0.1842,
        0.1677,
        0.2331,
        0.269,
        0.2343
      ],
      "train_precision": [
        0.704,
        0.9205,
        0.9345,
        0.939,
        0.9439,
        0.9474,
        0.9512
      ],
      "val_precision": [
        0.8994,
        0.9065,
        0.9208,
        0.9342,
        0.9346,
        0.9378,
        0.9374
      ],
      "train_recall": [
        0.8881,
        0.9819,
        0.9899,
        0.9921,
        0.9938,
        0.9953,
        0.9966
      ],
      "val_recall": [
        0.9704,
        0.9886,
        0.9899,
        0.9869,
        0.9831,
        0.9819,
        0.9816
      ],
      "train_f1": [
        0.7854,
        0.9502,
        0.9614,
        0.9648,
        0.9682,
        0.9708,
        0.9733
      ],
      "val_f1": [
        0.9335,
        0.9458,
        0.9541,
        0.9598,
        0.9582,
        0.9593,
        0.959
      ],
      "train_auc_roc": [
        0.9433,
        0.994,
        0.9969,
        0.9978,
        0.9985,
        0.9988,
        0.9991
      ],
      "val_auc_roc": [
        0.9891,
        0.9942,
        0.9963,
        0.9961,
        0.9963,
        0.9968,
        0.9969
      ],
      "best_val_f1": 0.9597995850784828,
      "bias_variance_logs": [
        {
          "epoch": 1,
          "train_loss": 0.615683,
          "val_loss": 0.254945,
          "loss_gap": -0.360738,
          "train_precision": 0.704,
          "val_precision": 0.8994,
          "precision_gap": 0.1954,
          "train_recall": 0.8881,
          "val_recall": 0.9704,
          "recall_gap": 0.0823,
          "train_f1": 0.7854,
          "val_f1": 0.9335,
          "f1_gap": 0.1481,
          "train_auc_roc": 0.9433,
          "val_auc_roc": 0.9891,
          "auc_gap": 0.0457,
          "regime": "high_bias"
        },
        {
          "epoch": 2,
          "train_loss": 0.207516,
          "val_loss": 0.196651,
          "loss_gap": -0.010865,
          "train_precision": 0.9205,
          "val_precision": 0.9065,
          "precision_gap": -0.014,
          "train_recall": 0.9819,
          "val_recall": 0.9886,
          "recall_gap": 0.0067,
          "train_f1": 0.9502,
          "val_f1": 0.9458,
          "f1_gap": -0.0044,
          "train_auc_roc": 0.994,
          "val_auc_roc": 0.9942,
          "auc_gap": 0.0002,
          "regime": "balanced"
        },
        {
          "epoch": 3,
          "train_loss": 0.155222,
          "val_loss": 0.184213,
          "loss_gap": 0.02899,
          "train_precision": 0.9345,
          "val_precision": 0.9208,
          "precision_gap": -0.0137,
          "train_recall": 0.9899,
          "val_recall": 0.9899,
          "recall_gap": -0.0,
          "train_f1": 0.9614,
          "val_f1": 0.9541,
          "f1_gap": -0.0073,
          "train_auc_roc": 0.9969,
          "val_auc_roc": 0.9963,
          "auc_gap": -0.0006,
          "regime": "balanced"
        },
        {
          "epoch": 4,
          "train_loss": 0.131541,
          "val_loss": 0.167662,
          "loss_gap": 0.036122,
          "train_precision": 0.939,
          "val_precision": 0.9342,
          "precision_gap": -0.0048,
          "train_recall": 0.9921,
          "val_recall": 0.9869,
          "recall_gap": -0.0053,
          "train_f1": 0.9648,
          "val_f1": 0.9598,
          "f1_gap": -0.005,
          "train_auc_roc": 0.9978,
          "val_auc_roc": 0.9961,
          "auc_gap": -0.0017,
          "regime": "balanced"
        },
        {
          "epoch": 5,
          "train_loss": 0.11199,
          "val_loss": 0.233075,
          "loss_gap": 0.121085,
          "train_precision": 0.9439,
          "val_precision": 0.9346,
          "precision_gap": -0.0093,
          "train_recall": 0.9938,
          "val_recall": 0.9831,
          "recall_gap": -0.0107,
          "train_f1": 0.9682,
          "val_f1": 0.9582,
          "f1_gap": -0.01,
          "train_auc_roc": 0.9985,
          "val_auc_roc": 0.9963,
          "auc_gap": -0.0022,
          "regime": "balanced"
        },
        {
          "epoch": 6,
          "train_loss": 0.104404,
          "val_loss": 0.269048,
          "loss_gap": 0.164644,
          "train_precision": 0.9474,
          "val_precision": 0.9378,
          "precision_gap": -0.0096,
          "train_recall": 0.9953,
          "val_recall": 0.9819,
          "recall_gap": -0.0135,
          "train_f1": 0.9708,
          "val_f1": 0.9593,
          "f1_gap": -0.0115,
          "train_auc_roc": 0.9988,
          "val_auc_roc": 0.9968,
          "auc_gap": -0.002,
          "regime": "balanced"
        },
        {
          "epoch": 7,
          "train_loss": 0.095112,
          "val_loss": 0.234292,
          "loss_gap": 0.13918,
          "train_precision": 0.9512,
          "val_precision": 0.9374,
          "precision_gap": -0.0138,
          "train_recall": 0.9966,
          "val_recall": 0.9816,
          "recall_gap": -0.0149,
          "train_f1": 0.9733,
          "val_f1": 0.959,
          "f1_gap": -0.0143,
          "train_auc_roc": 0.9991,
          "val_auc_roc": 0.9969,
          "auc_gap": -0.0023,
          "regime": "balanced"
        }
      ]
    }
  },
  "t5": {
    "best_params": {
      "lr": 4.822924603882918e-05,
      "batch_size": 8,
      "epochs": 8
    },
    "training_history": {
      "train_loss": [
        2.4627,
        0.028,
        0.02,
        0.0157,
        0.0126,
        0.012,
        0.0097,
        0.0089
      ],
      "val_loss": [
        0.0294,
        0.0207,
        0.0185,
        0.019,
        0.0182,
        0.0185,
        0.018,
        0.0185
      ],
      "train_accuracy": [
        0.8313,
        0.9855,
        0.9918,
        0.9947,
        0.9967,
        0.9968,
        0.9978,
        0.9986
      ],
      "val_accuracy": [
        0.9826,
        0.996,
        0.9984,
        0.9984,
        0.9984,
        0.9968,
        0.9984,
        0.9984
      ],
      "train_precision": [
        0.8245,
        0.9773,
        0.987,
        0.9928,
        0.9958,
        0.9954,
        0.9958,
        0.9983
      ],
      "val_precision": [
        0.9596,
        0.9908,
        0.9977,
        0.9977,
        0.9977,
        0.9931,
        0.9977,
        0.9977
      ],
      "train_recall": [
        0.6245,
        0.979,
        0.9882,
        0.9912,
        0.9941,
        0.995,
        0.9975,
        0.9975
      ],
      "val_recall": [
        0.9907,
        0.9977,
        0.9977,
        0.9977,
        0.9977,
        0.9977,
        0.9977,
        0.9977
      ],
      "train_f1": [
        0.7107,
        0.9782,
        0.9876,
        0.992,
        0.9949,
        0.9952,
        0.9966,
        0.9979
      ],
      "val_f1": [
        0.9749,
        0.9942,
        0.9977,
        0.9977,
        0.9977,
        0.9954,
        0.9977,
        0.9977
      ],
      "train_auc_roc": [
        0.7266,
        0.9967,
        0.999,
        0.9994,
        0.9998,
        0.9998,
        0.9998,
        0.9999
      ],
      "val_auc_roc": [
        0.9987,
        0.9991,
        0.999,
        0.9992,
        0.9992,
        0.9993,
        0.9994,
        0.9994
      ],
      "best_val_loss": 0.018041692541534954,
      "bias_variance_logs": [
        {
          "epoch": 1,
          "train_loss": 2.462677,
          "val_loss": 0.029433,
          "loss_gap": -2.433244,
          "train_precision": 0.8245,
          "val_precision": 0.9596,
          "precision_gap": 0.1351,
          "train_recall": 0.6245,
          "val_recall": 0.9907,